season,week,game_id,home_team,away_team,home_score,away_score
2021,1,2021_01_DAL_TB,TB,DAL,31,29
2021,1,2021_01_PHI_ATL,ATL,PHI,6,32
2021,1,2021_01_PIT_BUF,BUF,PIT,16,23
2021,1,2021_01_NYJ_CAR,CAR,NYJ,19,14
2021,1,2021_01_MIN_CIN,CIN,MIN,27,24
2021,1,2021_01_SF_DET,DET,SF,33,41
2021,1,2021_01_JAX_HOU,HOU,JAX,37,21
2021,1,2021_01_SEA_IND,IND,SEA,16,28
2021,1,2021_01_ARI_TEN,TEN,ARI,13,38
2021,1,2021_01_LAC_WAS,WAS,LAC,16,20
2021,1,2021_01_CLE_KC,KC,CLE,33,29
2021,1,2021_01_MIA_NE,NE,MIA,16,17
2021,1,2021_01_GB_NO,NO,GB,38,3
2021,1,2021_01_DEN_NYG,NYG,DEN,13,27
2021,1,2021_01_CHI_LA,LA,CHI,34,14
2021,1,2021_01_BAL_LV,LV,BAL,33,27
2021,2,2021_02_NYG_WAS,WAS,NYG,30,29
2021,2,2021_02_NO_CAR,CAR,NO,26,7
2021,2,2021_02_CIN_CHI,CHI,CIN,20,17
2021,2,2021_02_HOU_CLE,CLE,HOU,31,21
2021,2,2021_02_LA_IND,IND,LA,24,27
2021,2,2021_02_DEN_JAX,JAX,DEN,13,23
2021,2,2021_02_BUF_MIA,MIA,BUF,0,35
2021,2,2021_02_NE_NYJ,NYJ,NE,6,25
2021,2,2021_02_SF_PHI,PHI,SF,11,17
2021,2,2021_02_LV_PIT,PIT,LV,17,26
2021,2,2021_02_MIN_ARI,ARI,MIN,34,33
2021,2,2021_02_ATL_TB,TB,ATL,48,25
2021,2,2021_02_DAL_LAC,LAC,DAL,17,20
2021,2,2021_02_TEN_SEA,SEA,TEN,30,33
2021,2,2021_02_KC_BAL,BAL,KC,36,35
2021,2,2021_02_DET_GB,GB,DET,35,17
2021,3,2021_03_CAR_HOU,HOU,CAR,9,24
2021,3,2021_03_WAS_BUF,BUF,WAS,43,21
2021,3,2021_03_CHI_CLE,CLE,CHI,26,6
2021,3,2021_03_BAL_DET,DET,BAL,17,19
2021,3,2021_03_ARI_JAX,JAX,ARI,19,31
2021,3,2021_03_LAC_KC,KC,LAC,24,30
2021,3,2021_03_NO_NE,NE,NO,13,28
2021,3,2021_03_ATL_NYG,NYG,ATL,14,17
2021,3,2021_03_CIN_PIT,PIT,CIN,10,24
2021,3,2021_03_IND_TEN,TEN,IND,25,16
2021,3,2021_03_NYJ_DEN,DEN,NYJ,26,0
2021,3,2021_03_MIA_LV,LV,MIA,31,28
2021,3,2021_03_TB_LA,LA,TB,34,24
2021,3,2021_03_SEA_MIN,MIN,SEA,30,17
2021,3,2021_03_GB_SF,SF,GB,28,30
2021,3,2021_03_PHI_DAL,DAL,PHI,41,21
2021,4,2021_04_JAX_CIN,CIN,JAX,24,21
2021,4,2021_04_WAS_ATL,ATL,WAS,30,34
2021,4,2021_04_HOU_BUF,BUF,HOU,40,0
2021,4,2021_04_DET_CHI,CHI,DET,24,14
2021,4,2021_04_CAR_DAL,DAL,CAR,36,28
2021,4,2021_04_IND_MIA,MIA,IND,17,27
2021,4,2021_04_CLE_MIN,MIN,CLE,7,14
2021,4,2021_04_NYG_NO,NO,NYG,21,27
2021,4,2021_04_TEN_NYJ,NYJ,TEN,27,24
2021,4,2021_04_KC_PHI,PHI,KC,30,42
2021,4,2021_04_ARI_LA,LA,ARI,20,37
2021,4,2021_04_SEA_SF,SF,SEA,21,28
2021,4,2021_04_BAL_DEN,DEN,BAL,7,23
2021,4,2021_04_PIT_GB,GB,PIT,27,17
2021,4,2021_04_TB_NE,NE,TB,17,19
2021,4,2021_04_LV_LAC,LAC,LV,28,14
2021,5,2021_05_LA_SEA,SEA,LA,17,26
2021,5,2021_05_NYJ_ATL,ATL,NYJ,27,20
2021,5,2021_05_PHI_CAR,CAR,PHI,18,21
2021,5,2021_05_GB_CIN,CIN,GB,22,25
2021,5,2021_05_NE_HOU,HOU,NE,22,25
2021,5,2021_05_TEN_JAX,JAX,TEN,19,37
2021,5,2021_05_DET_MIN,MIN,DET,19,17
2021,5,2021_05_DEN_PIT,PIT,DEN,27,19
2021,5,2021_05_MIA_TB,TB,MIA,45,17
2021,5,2021_05_NO_WAS,WAS,NO,22,33
2021,5,2021_05_CLE_LAC,LAC,CLE,47,42
2021,5,2021_05_CHI_LV,LV,CHI,9,20
2021,5,2021_05_SF_ARI,ARI,SF,17,10
2021,5,2021_05_NYG_DAL,DAL,NYG,44,20
2021,5,2021_05_BUF_KC,KC,BUF,20,38
2021,5,2021_05_IND_BAL,BAL,IND,31,25
2021,6,2021_06_TB_PHI,PHI,TB,22,28
2021,6,2021_06_MIA_JAX,JAX,MIA,23,20
2021,6,2021_06_LAC_BAL,BAL,LAC,34,6
2021,6,2021_06_MIN_CAR,CAR,MIN,28,34
2021,6,2021_06_GB_CHI,CHI,GB,14,24
2021,6,2021_06_CIN_DET,DET,CIN,11,34
2021,6,2021_06_HOU_IND,IND,HOU,31,3
2021,6,2021_06_LA_NYG,NYG,LA,11,38
2021,6,2021_06_KC_WAS,WAS,KC,13,31
2021,6,2021_06_ARI_CLE,CLE,ARI,14,37
2021,6,2021_06_LV_DEN,DEN,LV,24,34
2021,6,2021_06_DAL_NE,NE,DAL,29,35
2021,6,2021_06_SEA_PIT,PIT,SEA,23,20
2021,6,2021_06_BUF_TEN,TEN,BUF,34,31
2021,7,2021_07_DEN_CLE,CLE,DEN,17,14
2021,7,2021_07_CIN_BAL,BAL,CIN,17,41
2021,7,2021_07_WAS_GB,GB,WAS,24,10
2021,7,2021_07_ATL_MIA,MIA,ATL,28,30
2021,7,2021_07_NYJ_NE,NE,NYJ,54,13
2021,7,2021_07_CAR_NYG,NYG,CAR,25,3
2021,7,2021_07_KC_TEN,TEN,KC,27,3
2021,7,2021_07_DET_LA,LA,DET,28,19
2021,7,2021_07_PHI_LV,LV,PHI,33,22
2021,7,2021_07_HOU_ARI,ARI,HOU,31,5
2021,7,2021_07_CHI_TB,TB,CHI,38,3
2021,7,2021_07_IND_SF,SF,IND,18,30
2021,7,2021_07_NO_SEA,SEA,NO,10,13
2021,8,2021_08_GB_ARI,ARI,GB,21,24
2021,8,2021_08_CAR_ATL,ATL,CAR,13,19
2021,8,2021_08_MIA_BUF,BUF,MIA,26,11
2021,8,2021_08_SF_CHI,CHI,SF,22,33
2021,8,2021_08_PIT_CLE,CLE,PIT,10,15
2021,8,2021_08_PHI_DET,DET,PHI,6,44
2021,8,2021_08_LA_HOU,HOU,LA,22,38
2021,8,2021_08_TEN_IND,IND,TEN,31,34
2021,8,2021_08_CIN_NYJ,NYJ,CIN,34,31
2021,8,2021_08_NE_LAC,LAC,NE,24,27
2021,8,2021_08_JAX_SEA,SEA,JAX,31,7
2021,8,2021_08_WAS_DEN,DEN,WAS,17,10
2021,8,2021_08_TB_NO,NO,TB,36,27
2021,8,2021_08_DAL_MIN,MIN,DAL,16,20
2021,8,2021_08_NYG_KC,KC,NYG,20,17
2021,9,2021_09_NYJ_IND,IND,NYJ,45,30
2021,9,2021_09_MIN_BAL,BAL,MIN,34,31
2021,9,2021_09_NE_CAR,CAR,NE,6,24
2021,9,2021_09_CLE_CIN,CIN,CLE,16,41
2021,9,2021_09_DEN_DAL,DAL,DEN,16,30
2021,9,2021_09_BUF_JAX,JAX,BUF,9,6
2021,9,2021_09_HOU_MIA,MIA,HOU,17,9
2021,9,2021_09_ATL_NO,NO,ATL,25,27
2021,9,2021_09_LV_NYG,NYG,LV,23,16
2021,9,2021_09_LAC_PHI,PHI,LAC,24,27
2021,9,2021_09_GB_KC,KC,GB,13,7
2021,9,2021_09_ARI_SF,SF,ARI,17,31
2021,9,2021_09_TEN_LA,LA,TEN,16,28
2021,9,2021_09_CHI_PIT,PIT,CHI,29,27
2021,10,2021_10_BAL_MIA,MIA,BAL,22,10
2021,10,2021_10_ATL_DAL,DAL,ATL,43,3
2021,10,2021_10_JAX_IND,IND,JAX,23,17
2021,10,2021_10_CLE_NE,NE,CLE,45,7
2021,10,2021_10_BUF_NYJ,NYJ,BUF,17,45
2021,10,2021_10_DET_PIT,PIT,DET,16,16
2021,10,2021_10_NO_TEN,TEN,NO,23,21
2021,10,2021_10_TB_WAS,WAS,TB,29,19
2021,10,2021_10_CAR_ARI,ARI,CAR,10,34
2021,10,2021_10_MIN_LAC,LAC,MIN,20,27
2021,10,2021_10_PHI_DEN,DEN,PHI,13,30
2021,10,2021_10_SEA_GB,GB,SEA,17,0
2021,10,2021_10_KC_LV,LV,KC,14,41
2021,10,2021_10_LA_SF,SF,LA,31,10
2021,11,2021_11_NE_ATL,ATL,NE,0,25
2021,11,2021_11_IND_BUF,BUF,IND,15,41
2021,11,2021_11_WAS_CAR,CAR,WAS,21,27
2021,11,2021_11_BAL_CHI,CHI,BAL,13,16
2021,11,2021_11_DET_CLE,CLE,DET,13,10
2021,11,2021_11_SF_JAX,JAX,SF,10,30
2021,11,2021_11_GB_MIN,MIN,GB,34,31
2021,11,2021_11_MIA_NYJ,NYJ,MIA,17,24
2021,11,2021_11_NO_PHI,PHI,NO,40,29
2021,11,2021_11_HOU_TEN,TEN,HOU,13,22
2021,11,2021_11_CIN_LV,LV,CIN,13,32
2021,11,2021_11_DAL_KC,KC,DAL,19,9
2021,11,2021_11_ARI_SEA,SEA,ARI,13,23
2021,11,2021_11_PIT_LAC,LAC,PIT,41,37
2021,11,2021_11_NYG_TB,TB,NYG,30,10
2021,12,2021_12_CHI_DET,DET,CHI,14,16
2021,12,2021_12_LV_DAL,DAL,LV,33,36
2021,12,2021_12_BUF_NO,NO,BUF,6,31
2021,12,2021_12_PIT_CIN,CIN,PIT,41,10
2021,12,2021_12_NYJ_HOU,HOU,NYJ,14,21
2021,12,2021_12_TB_IND,IND,TB,31,38
2021,12,2021_12_ATL_JAX,JAX,ATL,14,21
2021,12,2021_12_CAR_MIA,MIA,CAR,33,10
2021,12,2021_12_TEN_NE,NE,TEN,36,13
2021,12,2021_12_PHI_NYG,NYG,PHI,13,7
2021,12,2021_12_LAC_DEN,DEN,LAC,28,13
2021,12,2021_12_LA_GB,GB,LA,36,28
2021,12,2021_12_MIN_SF,SF,MIN,34,26
2021,12,2021_12_CLE_BAL,BAL,CLE,16,10
2021,12,2021_12_SEA_WAS,WAS,SEA,17,15
2021,13,2021_13_DAL_NO,NO,DAL,17,27
2021,13,2021_13_TB_ATL,ATL,TB,17,30
2021,13,2021_13_ARI_CHI,CHI,ARI,22,33
2021,13,2021_13_LAC_CIN,CIN,LAC,22,41
2021,13,2021_13_MIN_DET,DET,MIN,29,27
2021,13,2021_13_IND_HOU,HOU,IND,0,31
2021,13,2021_13_NYG_MIA,MIA,NYG,20,9
2021,13,2021_13_PHI_NYJ,NYJ,PHI,18,33
2021,13,2021_13_JAX_LA,LA,JAX,37,7
2021,13,2021_13_WAS_LV,LV,WAS,15,17
2021,13,2021_13_BAL_PIT,PIT,BAL,20,19
2021,13,2021_13_SF_SEA,SEA,SF,30,23
2021,13,2021_13_DEN_KC,KC,DEN,22,9
2021,13,2021_13_NE_BUF,BUF,NE,10,14
2021,14,2021_14_PIT_MIN,MIN,PIT,36,28
2021,14,2021_14_ATL_CAR,CAR,ATL,21,29
2021,14,2021_14_BAL_CLE,CLE,BAL,24,22
2021,14,2021_14_SEA_HOU,HOU,SEA,13,33
2021,14,2021_14_LV_KC,KC,LV,48,9
2021,14,2021_14_NO_NYJ,NYJ,NO,9,30
2021,14,2021_14_JAX_TEN,TEN,JAX,20,0
2021,14,2021_14_DAL_WAS,WAS,DAL,20,27
2021,14,2021_14_DET_DEN,DEN,DET,38,10
2021,14,2021_14_NYG_LAC,LAC,NYG,37,21
2021,14,2021_14_SF_CIN,CIN,SF,23,26
2021,14,2021_14_BUF_TB,TB,BUF,33,27
2021,14,2021_14_CHI_GB,GB,CHI,45,30
2021,14,2021_14_LA_ARI,ARI,LA,23,30
2021,15,2021_15_KC_LAC,LAC,KC,28,34
2021,15,2021_15_NE_IND,IND,NE,27,17
2021,15,2021_15_CAR_BUF,BUF,CAR,31,14
2021,15,2021_15_ARI_DET,DET,ARI,30,12
2021,15,2021_15_HOU_JAX,JAX,HOU,16,30
2021,15,2021_15_NYJ_MIA,MIA,NYJ,31,24
2021,15,2021_15_DAL_NYG,NYG,DAL,6,21
2021,15,2021_15_TEN_PIT,PIT,TEN,19,13
2021,15,2021_15_CIN_DEN,DEN,CIN,10,15
2021,15,2021_15_ATL_SF,SF,ATL,31,13
2021,15,2021_15_GB_BAL,BAL,GB,30,31
2021,15,2021_15_NO_TB,TB,NO,0,9
2021,15,2021_15_LV_CLE,CLE,LV,14,16
2021,15,2021_15_MIN_CHI,CHI,MIN,9,17
2021,15,2021_15_SEA_LA,LA,SEA,20,10
2021,15,2021_15_WAS_PHI,PHI,WAS,27,17
2021,16,2021_16_SF_TEN,TEN,SF,20,17
2021,16,2021_16_CLE_GB,GB,CLE,24,22
2021,16,2021_16_IND_ARI,ARI,IND,16,22
2021,16,2021_16_DET_ATL,ATL,DET,20,16
2021,16,2021_16_TB_CAR,CAR,TB,6,32
2021,16,2021_16_BAL_CIN,CIN,BAL,41,21
2021,16,2021_16_LAC_HOU,HOU,LAC,41,29
2021,16,2021_16_LA_MIN,MIN,LA,23,30
2021,16,2021_16_BUF_NE,NE,BUF,21,33
2021,16,2021_16_JAX_NYJ,NYJ,JAX,26,21
2021,16,2021_16_NYG_PHI,PHI,NYG,34,10
2021,16,2021_16_CHI_SEA,SEA,CHI,24,25
2021,16,2021_16_PIT_KC,KC,PIT,36,10
2021,16,2021_16_DEN_LV,LV,DEN,17,13
2021,16,2021_16_WAS_DAL,DAL,WAS,56,14
2021,16,2021_16_MIA_NO,NO,MIA,3,20
2021,17,2021_17_LA_BAL,BAL,LA,19,20
2021,17,2021_17_ATL_BUF,BUF,ATL,29,15
2021,17,2021_17_NYG_CHI,CHI,NYG,29,3
2021,17,2021_17_KC_CIN,CIN,KC,34,31
2021,17,2021_17_LV_IND,IND,LV,20,23
2021,17,2021_17_JAX_NE,NE,JAX,50,10
2021,17,2021_17_TB_NYJ,NYJ,TB,24,28
2021,17,2021_17_MIA_TEN,TEN,MIA,34,3
2021,17,2021_17_PHI_WAS,WAS,PHI,16,20
2021,17,2021_17_DEN_LAC,LAC,DEN,34,13
2021,17,2021_17_HOU_SF,SF,HOU,23,7
2021,17,2021_17_ARI_DAL,DAL,ARI,22,25
2021,17,2021_17_CAR_NO,NO,CAR,18,10
2021,17,2021_17_DET_SEA,SEA,DET,51,29
2021,17,2021_17_MIN_GB,GB,MIN,37,10
2021,17,2021_17_CLE_PIT,PIT,CLE,26,14
2021,18,2021_18_KC_DEN,DEN,KC,24,28
2021,18,2021_18_DAL_PHI,PHI,DAL,26,51
2021,18,2021_18_PIT_BAL,BAL,PIT,13,16
2021,18,2021_18_CIN_CLE,CLE,CIN,21,16
2021,18,2021_18_GB_DET,DET,GB,37,30
2021,18,2021_18_TEN_HOU,HOU,TEN,25,28
2021,18,2021_18_IND_JAX,JAX,IND,26,11
2021,18,2021_18_CHI_MIN,MIN,CHI,31,17
2021,18,2021_18_WAS_NYG,NYG,WAS,7,22
2021,18,2021_18_SEA_ARI,ARI,SEA,30,38
2021,18,2021_18_NO_ATL,ATL,NO,20,30
2021,18,2021_18_NYJ_BUF,BUF,NYJ,27,10
2021,18,2021_18_SF_LA,LA,SF,24,27
2021,18,2021_18_NE_MIA,MIA,NE,33,24
2021,18,2021_18_CAR_TB,TB,CAR,41,17
2021,18,2021_18_LAC_LV,LV,LAC,35,32
2021,19,2021_19_LV_CIN,CIN,LV,26,19
2021,19,2021_19_NE_BUF,BUF,NE,47,17
2021,19,2021_19_PHI_TB,TB,PHI,31,15
2021,19,2021_19_SF_DAL,DAL,SF,17,23
2021,19,2021_19_PIT_KC,KC,PIT,42,21
2021,19,2021_19_ARI_LA,LA,ARI,34,11
2021,20,2021_20_CIN_TEN,TEN,CIN,16,19
2021,20,2021_20_SF_GB,GB,SF,10,13
2021,20,2021_20_LA_TB,TB,LA,27,30
2021,20,2021_20_BUF_KC,KC,BUF,42,36
2021,21,2021_21_CIN_KC,KC,CIN,24,27
2021,21,2021_21_SF_LA,LA,SF,20,17
2021,22,2021_22_LA_CIN,CIN,LA,20,23
2022,1,2022_01_BUF_LA,LA,BUF,10,31
2022,1,2022_01_NO_ATL,ATL,NO,26,27
2022,1,2022_01_CLE_CAR,CAR,CLE,24,26
2022,1,2022_01_SF_CHI,CHI,SF,19,10
2022,1,2022_01_PIT_CIN,CIN,PIT,20,23
2022,1,2022_01_PHI_DET,DET,PHI,35,38
2022,1,2022_01_IND_HOU,HOU,IND,20,20
2022,1,2022_01_NE_MIA,MIA,NE,20,7
2022,1,2022_01_BAL_NYJ,NYJ,BAL,9,24
2022,1,2022_01_JAX_WAS,WAS,JAX,28,22
2022,1,2022_01_KC_ARI,ARI,KC,21,44
2022,1,2022_01_LV_LAC,LAC,LV,24,19
2022,1,2022_01_GB_MIN,MIN,GB,23,7
2022,1,2022_01_NYG_TEN,TEN,NYG,20,21
2022,1,2022_01_TB_DAL,DAL,TB,3,19
2022,1,2022_01_DEN_SEA,SEA,DEN,17,16
2022,2,2022_02_LAC_KC,KC,LAC,27,24
2022,2,2022_02_MIA_BAL,BAL,MIA,38,42
2022,2,2022_02_NYJ_CLE,CLE,NYJ,30,31
2022,2,2022_02_WAS_DET,DET,WAS,36,27
2022,2,2022_02_IND_JAX,JAX,IND,24,0
2022,2,2022_02_TB_NO,NO,TB,10,20
2022,2,2022_02_CAR_NYG,NYG,CAR,19,16
2022,2,2022_02_NE_PIT,PIT,NE,14,17
2022,2,2022_02_ATL_LA,LA,ATL,31,27
2022,2,2022_02_SEA_SF,SF,SEA,27,7
2022,2,2022_02_CIN_DAL,DAL,CIN,20,17
2022,2,2022_02_HOU_DEN,DEN,HOU,16,9
2022,2,2022_02_ARI_LV,LV,ARI,23,29
2022,2,2022_02_CHI_GB,GB,CHI,27,10
2022,2,2022_02_TEN_BUF,BUF,TEN,41,7
2022,2,2022_02_MIN_PHI,PHI,MIN,24,7
2022,3,2022_03_PIT_CLE,CLE,PIT,29,17
2022,3,2022_03_NO_CAR,CAR,NO,22,14
2022,3,2022_03_HOU_CHI,CHI,HOU,23,20
2022,3,2022_03_KC_IND,IND,KC,20,17
2022,3,2022_03_BUF_MIA,MIA,BUF,21,19
2022,3,2022_03_DET_MIN,MIN,DET,28,24
2022,3,2022_03_BAL_NE,NE,BAL,26,37
2022,3,2022_03_CIN_NYJ,NYJ,CIN,12,27
2022,3,2022_03_LV_TEN,TEN,LV,24,22
2022,3,2022_03_PHI_WAS,WAS,PHI,8,24
2022,3,2022_03_JAX_LAC,LAC,JAX,10,38
2022,3,2022_03_LA_ARI,ARI,LA,12,20
2022,3,2022_03_ATL_SEA,SEA,ATL,23,27
2022,3,2022_03_GB_TB,TB,GB,12,14
2022,3,2022_03_SF_DEN,DEN,SF,11,10
2022,3,2022_03_DAL_NYG,NYG,DAL,16,23
2022,4,2022_04_MIA_CIN,CIN,MIA,27,15
2022,4,2022_04_MIN_NO,NO,MIN,25,28
2022,4,2022_04_CLE_ATL,ATL,CLE,23,20
2022,4,2022_04_BUF_BAL,BAL,BUF,20,23
2022,4,2022_04_WAS_DAL,DAL,WAS,25,10
2022,4,2022_04_SEA_DET,DET,SEA,45,48
2022,4,2022_04_LAC_HOU,HOU,LAC,24,34
2022,4,2022_04_TEN_IND,IND,TEN,17,24
2022,4,2022_04_CHI_NYG,NYG,CHI,20,12
2022,4,2022_04_JAX_PHI,PHI,JAX,29,21
2022,4,2022_04_NYJ_PIT,PIT,NYJ,20,24
2022,4,2022_04_ARI_CAR,CAR,ARI,16,26
2022,4,2022_04_NE_GB,GB,NE,27,24
2022,4,2022_04_DEN_LV,LV,DEN,32,23
2022,4,2022_04_KC_TB,TB,KC,31,41
2022,4,2022_04_LA_SF,SF,LA,24,9
2022,5,2022_05_IND_DEN,DEN,IND,9,12
2022,5,2022_05_NYG_GB,GB,NYG,22,27
2022,5,2022_05_PIT_BUF,BUF,PIT,38,3
2022,5,2022_05_LAC_CLE,CLE,LAC,28,30
2022,5,2022_05_HOU_JAX,JAX,HOU,6,13
2022,5,2022_05_CHI_MIN,MIN,CHI,29,22
2022,5,2022_05_DET_NE,NE,DET,29,0
2022,5,2022_05_SEA_NO,NO,SEA,39,32
2022,5,2022_05_MIA_NYJ,NYJ,MIA,40,17
2022,5,2022_05_ATL_TB,TB,ATL,21,15
2022,5,2022_05_TEN_WAS,WAS,TEN,17,21
2022,5,2022_05_SF_CAR,CAR,SF,15,37
2022,5,2022_05_PHI_ARI,ARI,PHI,17,20
2022,5,2022_05_DAL_LA,LA,DAL,10,22
2022,5,2022_05_CIN_BAL,BAL,CIN,19,17
2022,5,2022_05_LV_KC,KC,LV,30,29
2022,6,2022_06_WAS_CHI,CHI,WAS,7,12
2022,6,2022_06_SF_ATL,ATL,SF,28,14
2022,6,2022_06_NE_CLE,CLE,NE,15,38
2022,6,2022_06_NYJ_GB,GB,NYJ,10,27
2022,6,2022_06_JAX_IND,IND,JAX,34,27
2022,6,2022_06_MIN_MIA,MIA,MIN,16,24
2022,6,2022_06_CIN_NO,NO,CIN,26,30
2022,6,2022_06_BAL_NYG,NYG,BAL,24,20
2022,6,2022_06_TB_PIT,PIT,TB,20,18
2022,6,2022_06_CAR_LA,LA,CAR,24,10
2022,6,2022_06_ARI_SEA,SEA,ARI,19,9
2022,6,2022_06_BUF_KC,KC,BUF,20,24
2022,6,2022_06_DAL_PHI,PHI,DAL,26,17
2022,6,2022_06_DEN_LAC,LAC,DEN,19,16
2022,7,2022_07_NO_ARI,ARI,NO,42,34
2022,7,2022_07_CLE_BAL,BAL,CLE,23,20
2022,7,2022_07_TB_CAR,CAR,TB,21,3
2022,7,2022_07_ATL_CIN,CIN,ATL,35,17
2022,7,2022_07_DET_DAL,DAL,DET,24,6
2022,7,2022_07_NYG_JAX,JAX,NYG,17,23
2022,7,2022_07_IND_TEN,TEN,IND,19,10
2022,7,2022_07_GB_WAS,WAS,GB,23,21
2022,7,2022_07_NYJ_DEN,DEN,NYJ,9,16
2022,7,2022_07_HOU_LV,LV,HOU,38,20
2022,7,2022_07_SEA_LAC,LAC,SEA,23,37
2022,7,2022_07_KC_SF,SF,KC,23,44
2022,7,2022_07_PIT_MIA,MIA,PIT,16,10
2022,7,2022_07_CHI_NE,NE,CHI,14,33
2022,8,2022_08_BAL_TB,TB,BAL,22,27
2022,8,2022_08_DEN_JAX,JAX,DEN,17,21
2022,8,2022_08_CAR_ATL,ATL,CAR,37,34
2022,8,2022_08_CHI_DAL,DAL,CHI,49,29
2022,8,2022_08_MIA_DET,DET,MIA,27,31
2022,8,2022_08_ARI_MIN,MIN,ARI,34,26
2022,8,2022_08_LV_NO,NO,LV,24,0
2022,8,2022_08_NE_NYJ,NYJ,NE,17,22
2022,8,2022_08_PIT_PHI,PHI,PIT,35,13
2022,8,2022_08_TEN_HOU,HOU,TEN,10,17
2022,8,2022_08_WAS_IND,IND,WAS,16,17
2022,8,2022_08_SF_LA,LA,SF,14,31
2022,8,2022_08_NYG_SEA,SEA,NYG,27,13
2022,8,2022_08_GB_BUF,BUF,GB,27,17
2022,8,2022_08_CIN_CLE,CLE,CIN,32,13
2022,9,2022_09_PHI_HOU,HOU,PHI,17,29
2022,9,2022_09_LAC_ATL,ATL,LAC,17,20
2022,9,2022_09_MIA_CHI,CHI,MIA,32,35
2022,9,2022_09_CAR_CIN,CIN,CAR,42,21
2022,9,2022_09_GB_DET,DET,GB,15,9
2022,9,2022_09_LV_JAX,JAX,LV,27,20
2022,9,2022_09_IND_NE,NE,IND,26,3
2022,9,2022_09_BUF_NYJ,NYJ,BUF,20,17
2022,9,2022_09_MIN_WAS,WAS,MIN,17,20
2022,9,2022_09_SEA_ARI,ARI,SEA,21,31
2022,9,2022_09_LA_TB,TB,LA,16,13
2022,9,2022_09_TEN_KC,KC,TEN,20,17
2022,9,2022_09_BAL_NO,NO,BAL,13,27
2022,10,2022_10_ATL_CAR,CAR,ATL,25,15
2022,10,2022_10_SEA_TB,TB,SEA,21,16
2022,10,2022_10_MIN_BUF,BUF,MIN,30,33
2022,10,2022_10_DET_CHI,CHI,DET,30,31
2022,10,2022_10_JAX_KC,KC,JAX,27,17
2022,10,2022_10_CLE_MIA,MIA,CLE,39,17
2022,10,2022_10_HOU_NYG,NYG,HOU,24,16
2022,10,2022_10_NO_PIT,PIT,NO,20,10
2022,10,2022_10_DEN_TEN,TEN,DEN,17,10
2022,10,2022_10_IND_LV,LV,IND,20,25
2022,10,2022_10_DAL_GB,GB,DAL,31,28
2022,10,2022_10_ARI_LA,LA,ARI,17,27
2022,10,2022_10_LAC_SF,SF,LAC,22,16
2022,10,2022_10_WAS_PHI,PHI,WAS,21,32
2022,11,2022_11_TEN_GB,GB,TEN,17,27
2022,11,2022_11_CHI_ATL,ATL,CHI,27,24
2022,11,2022_11_CAR_BAL,BAL,CAR,13,3
2022,11,2022_11_CLE_BUF,BUF,CLE,31,23
2022,11,2022_11_WAS_HOU,HOU,WAS,10,23
2022,11,2022_11_PHI_IND,IND,PHI,16,17
2022,11,2022_11_NYJ_NE,NE,NYJ,10,3
2022,11,2022_11_LA_NO,NO,LA,27,20
2022,11,2022_11_DET_NYG,NYG,DET,18,31
2022,11,2022_11_LV_DEN,DEN,LV,16,22
2022,11,2022_11_DAL_MIN,MIN,DAL,3,40
2022,11,2022_11_CIN_PIT,PIT,CIN,30,37
2022,11,2022_11_KC_LAC,LAC,KC,27,30
2022,11,2022_11_SF_ARI,ARI,SF,10,38
2022,12,2022_12_BUF_DET,DET,BUF,25,28
2022,12,2022_12_NYG_DAL,DAL,NYG,28,20
2022,12,2022_12_NE_MIN,MIN,NE,33,26
2022,12,2022_12_DEN_CAR,CAR,DEN,23,10
2022,12,2022_12_TB_CLE,CLE,TB,23,17
2022,12,2022_12_BAL_JAX,JAX,BAL,28,27
2022,12,2022_12_HOU_MIA,MIA,HOU,30,15
2022,12,2022_12_CHI_NYJ,NYJ,CHI,31,10
2022,12,2022_12_CIN_TEN,TEN,CIN,16,20
2022,12,2022_12_ATL_WAS,WAS,ATL,19,13
2022,12,2022_12_LAC_ARI,ARI,LAC,24,25
2022,12,2022_12_LV_SEA,SEA,LV,34,40
2022,12,2022_12_LA_KC,KC,LA,26,10
2022,12,2022_12_NO_SF,SF,NO,13,0
2022,12,2022_12_GB_PHI,PHI,GB,40,33
2022,12,2022_12_PIT_IND,IND,PIT,17,24
2022,13,2022_13_BUF_NE,NE,BUF,10,24
2022,13,2022_13_PIT_ATL,ATL,PIT,16,19
2022,13,2022_13_DEN_BAL,BAL,DEN,10,9
2022,13,2022_13_GB_CHI,CHI,GB,19,28
2022,13,2022_13_JAX_DET,DET,JAX,40,14
2022,13,2022_13_CLE_HOU,HOU,CLE,14,27
2022,13,2022_13_NYJ_MIN,MIN,NYJ,27,22
2022,13,2022_13_WAS_NYG,NYG,WAS,20,20
2022,13,2022_13_TEN_PHI,PHI,TEN,35,10
2022,13,2022_13_SEA_LA,LA,SEA,23,27
2022,13,2022_13_MIA_SF,SF,MIA,33,17
2022,13,2022_13_KC_CIN,CIN,KC,27,24
2022,13,2022_13_LAC_LV,LV,LAC,27,20
2022,13,2022_13_IND_DAL,DAL,IND,54,19
2022,13,2022_13_NO_TB,TB,NO,17,16
2022,14,2022_14_LV_LA,LA,LV,17,16
2022,14,2022_14_NYJ_BUF,BUF,NYJ,20,12
2022,14,2022_14_CLE_CIN,CIN,CLE,23,10
2022,14,2022_14_HOU_DAL,DAL,HOU,27,23
2022,14,2022_14_MIN_DET,DET,MIN,34,23
2022,14,2022_14_PHI_NYG,NYG,PHI,22,48
2022,14,2022_14_BAL_PIT,PIT,BAL,14,16
2022,14,2022_14_JAX_TEN,TEN,JAX,22,36
2022,14,2022_14_KC_DEN,DEN,KC,28,34
2022,14,2022_14_CAR_SEA,SEA,CAR,24,30
2022,14,2022_14_TB_SF,SF,TB,35,7
2022,14,2022_14_MIA_LAC,LAC,MIA,23,17
2022,14,2022_14_NE_ARI,ARI,NE,13,27
2022,15,2022_15_SF_SEA,SEA,SF,13,21
2022,15,2022_15_IND_MIN,MIN,IND,39,36
2022,15,2022_15_BAL_CLE,CLE,BAL,13,3
2022,15,2022_15_MIA_BUF,BUF,MIA,32,29
2022,15,2022_15_PIT_CAR,CAR,PIT,16,24
2022,15,2022_15_PHI_CHI,CHI,PHI,20,25
2022,15,2022_15_KC_HOU,HOU,KC,24,30
2022,15,2022_15_DAL_JAX,JAX,DAL,40,34
2022,15,2022_15_ATL_NO,NO,ATL,21,18
2022,15,2022_15_DET_NYJ,NYJ,DET,17,20
2022,15,2022_15_ARI_DEN,DEN,ARI,24,15
2022,15,2022_15_NE_LV,LV,NE,30,24
2022,15,2022_15_TEN_LAC,LAC,TEN,17,14
2022,15,2022_15_CIN_TB,TB,CIN,23,34
2022,15,2022_15_NYG_WAS,WAS,NYG,12,20
2022,15,2022_15_LA_GB,GB,LA,24,12
2022,16,2022_16_JAX_NYJ,NYJ,JAX,3,19
2022,16,2022_16_ATL_BAL,BAL,ATL,17,9
2022,16,2022_16_DET_CAR,CAR,DET,37,23
2022,16,2022_16_BUF_CHI,CHI,BUF,13,35
2022,16,2022_16_NO_CLE,CLE,NO,10,17
2022,16,2022_16_SEA_KC,KC,SEA,24,10
2022,16,2022_16_NYG_MIN,MIN,NYG,27,24
2022,16,2022_16_CIN_NE,NE,CIN,18,22
2022,16,2022_16_HOU_TEN,TEN,HOU,14,19
2022,16,2022_16_WAS_SF,SF,WAS,37,20
2022,16,2022_16_PHI_DAL,DAL,PHI,40,34
2022,16,2022_16_LV_PIT,PIT,LV,13,10
2022,16,2022_16_GB_MIA,MIA,GB,20,26
2022,16,2022_16_DEN_LA,LA,DEN,51,14
2022,16,2022_16_TB_ARI,ARI,TB,16,19
2022,16,2022_16_LAC_IND,IND,LAC,3,20
2022,17,2022_17_DAL_TEN,TEN,DAL,13,27
2022,17,2022_17_ARI_ATL,ATL,ARI,20,19
2022,17,2022_17_CHI_DET,DET,CHI,41,10
2022,17,2022_17_JAX_HOU,HOU,JAX,3,31
2022,17,2022_17_DEN_KC,KC,DEN,27,24
2022,17,2022_17_MIA_NE,NE,MIA,23,21
2022,17,2022_17_IND_NYG,NYG,IND,38,10
2022,17,2022_17_NO_PHI,PHI,NO,10,20
2022,17,2022_17_CAR_TB,TB,CAR,30,24
2022,17,2022_17_CLE_WAS,WAS,CLE,10,24
2022,17,2022_17_SF_LV,LV,SF,34,37
2022,17,2022_17_NYJ_SEA,SEA,NYJ,23,6
2022,17,2022_17_MIN_GB,GB,MIN,41,17
2022,17,2022_17_LA_LAC,LAC,LA,31,10
2022,17,2022_17_PIT_BAL,BAL,PIT,13,16
2022,18,2022_18_KC_LV,LV,KC,13,31
2022,18,2022_18_TEN_JAX,JAX,TEN,20,16
2022,18,2022_18_TB_ATL,ATL,TB,30,17
2022,18,2022_18_NE_BUF,BUF,NE,35,23
2022,18,2022_18_MIN_CHI,CHI,MIN,13,29
2022,18,2022_18_BAL_CIN,CIN,BAL,27,16
2022,18,2022_18_HOU_IND,IND,HOU,31,32
2022,18,2022_18_NYJ_MIA,MIA,NYJ,11,6
2022,18,2022_18_CAR_NO,NO,CAR,7,10
2022,18,2022_18_CLE_PIT,PIT,CLE,28,14
2022,18,2022_18_LAC_DEN,DEN,LAC,31,28
2022,18,2022_18_NYG_PHI,PHI,NYG,22,16
2022,18,2022_18_LA_SEA,SEA,LA,19,16
2022,18,2022_18_ARI_SF,SF,ARI,38,13
2022,18,2022_18_DAL_WAS,WAS,DAL,26,6
2022,18,2022_18_DET_GB,GB,DET,16,20
2022,19,2022_19_SEA_SF,SF,SEA,41,23
2022,19,2022_19_LAC_JAX,JAX,LAC,31,30
2022,19,2022_19_MIA_BUF,BUF,MIA,34,31
2022,19,2022_19_NYG_MIN,MIN,NYG,24,31
2022,19,2022_19_BAL_CIN,CIN,BAL,24,17
2022,19,2022_19_DAL_TB,TB,DAL,14,31
2022,20,2022_20_JAX_KC,KC,JAX,27,20
2022,20,2022_20_NYG_PHI,PHI,NYG,38,7
2022,20,2022_20_CIN_BUF,BUF,CIN,10,27
2022,20,2022_20_DAL_SF,SF,DAL,19,12
2022,21,2022_21_SF_PHI,PHI,SF,31,7
2022,21,2022_21_CIN_KC,KC,CIN,23,20
2022,22,2022_22_KC_PHI,PHI,KC,35,38
2023,1,2023_01_DET_KC,KC,DET,20,21
2023,1,2023_01_CAR_ATL,ATL,CAR,24,10
2023,1,2023_01_HOU_BAL,BAL,HOU,25,9
2023,1,2023_01_CIN_CLE,CLE,CIN,24,3
2023,1,2023_01_JAX_IND,IND,JAX,21,31
2023,1,2023_01_TB_MIN,MIN,TB,17,20
2023,1,2023_01_TEN_NO,NO,TEN,16,15
2023,1,2023_01_SF_PIT,PIT,SF,7,30
2023,1,2023_01_ARI_WAS,WAS,ARI,20,16
2023,1,2023_01_GB_CHI,CHI,GB,20,38
2023,1,2023_01_LV_DEN,DEN,LV,16,17
2023,1,2023_01_MIA_LAC,LAC,MIA,34,36
2023,1,2023_01_PHI_NE,NE,PHI,20,25
2023,1,2023_01_LA_SEA,SEA,LA,13,30
2023,1,2023_01_DAL_NYG,NYG,DAL,0,40
2023,1,2023_01_BUF_NYJ,NYJ,BUF,22,16
2023,2,2023_02_MIN_PHI,PHI,MIN,34,28
2023,2,2023_02_GB_ATL,ATL,GB,25,24
2023,2,2023_02_LV_BUF,BUF,LV,38,10
2023,2,2023_02_BAL_CIN,CIN,BAL,24,27
2023,2,2023_02_SEA_DET,DET,SEA,31,37
2023,2,2023_02_IND_HOU,HOU,IND,20,31
2023,2,2023_02_KC_JAX,JAX,KC,9,17
2023,2,2023_02_CHI_TB,TB,CHI,27,17
2023,2,2023_02_LAC_TEN,TEN,LAC,27,24
2023,2,2023_02_NYG_ARI,ARI,NYG,28,31
2023,2,2023_02_SF_LA,LA,SF,23,30
2023,2,2023_02_NYJ_DAL,DAL,NYJ,30,10
2023,2,2023_02_WAS_DEN,DEN,WAS,33,35
2023,2,2023_02_MIA_NE,NE,MIA,17,24
2023,2,2023_02_NO_CAR,CAR,NO,17,20
2023,2,2023_02_CLE_PIT,PIT,CLE,26,22
2023,3,2023_03_NYG_SF,SF,NYG,30,12
2023,3,2023_03_IND_BAL,BAL,IND,19,22
2023,3,2023_03_TEN_CLE,CLE,TEN,27,3
2023,3,2023_03_ATL_DET,DET,ATL,20,6
2023,3,2023_03_NO_GB,GB,NO,18,17
2023,3,2023_03_HOU_JAX,JAX,HOU,17,37
2023,3,2023_03_DEN_MIA,MIA,DEN,70,20
2023,3,2023_03_LAC_MIN,MIN,LAC,24,28
2023,3,2023_03_NE_NYJ,NYJ,NE,10,15
2023,3,2023_03_BUF_WAS,WAS,BUF,3,37
2023,3,2023_03_CAR_SEA,SEA,CAR,37,27
2023,3,2023_03_DAL_ARI,ARI,DAL,28,16
2023,3,2023_03_CHI_KC,KC,CHI,41,10
2023,3,2023_03_PIT_LV,LV,PIT,18,23
2023,3,2023_03_PHI_TB,TB,PHI,11,25
2023,3,2023_03_LA_CIN,CIN,LA,19,16
2023,4,2023_04_DET_GB,GB,DET,20,34
2023,4,2023_04_ATL_JAX,JAX,ATL,23,7
2023,4,2023_04_MIA_BUF,BUF,MIA,48,20
2023,4,2023_04_MIN_CAR,CAR,MIN,13,21
2023,4,2023_04_DEN_CHI,CHI,DEN,28,31
2023,4,2023_04_BAL_CLE,CLE,BAL,3,28
2023,4,2023_04_PIT_HOU,HOU,PIT,30,6
2023,4,2023_04_LA_IND,IND,LA,23,29
2023,4,2023_04_TB_NO,NO,TB,9,26
2023,4,2023_04_WAS_PHI,PHI,WAS,34,31
2023,4,2023_04_CIN_TEN,TEN,CIN,27,3
2023,4,2023_04_LV_LAC,LAC,LV,24,17
2023,4,2023_04_NE_DAL,DAL,NE,38,3
2023,4,2023_04_ARI_SF,SF,ARI,35,16
2023,4,2023_04_KC_NYJ,NYJ,KC,20,23
2023,4,2023_04_SEA_NYG,NYG,SEA,3,24
2023,5,2023_05_CHI_WAS,WAS,CHI,20,40
2023,5,2023_05_JAX_BUF,BUF,JAX,20,25
2023,5,2023_05_HOU_ATL,ATL,HOU,21,19
2023,5,2023_05_CAR_DET,DET,CAR,42,24
2023,5,2023_05_TEN_IND,IND,TEN,23,16
2023,5,2023_05_NYG_MIA,MIA,NYG,31,16
2023,5,2023_05_NO_NE,NE,NO,0,34
2023,5,2023_05_BAL_PIT,PIT,BAL,17,10
2023,5,2023_05_CIN_ARI,ARI,CIN,20,34
2023,5,2023_05_PHI_LA,LA,PHI,14,23
2023,5,2023_05_NYJ_DEN,DEN,NYJ,21,31
2023,5,2023_05_KC_MIN,MIN,KC,20,27
2023,5,2023_05_DAL_SF,SF,DAL,42,10
2023,5,2023_05_GB_LV,LV,GB,17,13
2023,6,2023_06_DEN_KC,KC,DEN,19,8
2023,6,2023_06_BAL_TEN,TEN,BAL,16,24
2023,6,2023_06_WAS_ATL,ATL,WAS,16,24
2023,6,2023_06_MIN_CHI,CHI,MIN,13,19
2023,6,2023_06_SEA_CIN,CIN,SEA,17,13
2023,6,2023_06_SF_CLE,CLE,SF,19,17
2023,6,2023_06_NO_HOU,HOU,NO,20,13
2023,6,2023_06_IND_JAX,JAX,IND,37,20
2023,6,2023_06_CAR_MIA,MIA,CAR,42,21
2023,6,2023_06_NE_LV,LV,NE,21,17
2023,6,2023_06_ARI_LA,LA,ARI,26,9
2023,6,2023_06_PHI_NYJ,NYJ,PHI,20,14
2023,6,2023_06_DET_TB,TB,DET,6,20
2023,6,2023_06_NYG_BUF,BUF,NYG,14,9
2023,6,2023_06_DAL_LAC,LAC,DAL,17,20
2023,7,2023_07_JAX_NO,NO,JAX,24,31
2023,7,2023_07_DET_BAL,BAL,DET,38,6
2023,7,2023_07_LV_CHI,CHI,LV,30,12
2023,7,2023_07_CLE_IND,IND,CLE,38,39
2023,7,2023_07_BUF_NE,NE,BUF,29,25
2023,7,2023_07_WAS_NYG,NYG,WAS,14,7
2023,7,2023_07_ATL_TB,TB,ATL,13,16
2023,7,2023_07_PIT_LA,LA,PIT,17,24
2023,7,2023_07_ARI_SEA,SEA,ARI,20,10
2023,7,2023_07_GB_DEN,DEN,GB,19,17
2023,7,2023_07_LAC_KC,KC,LAC,31,17
2023,7,2023_07_MIA_PHI,PHI,MIA,31,17
2023,7,2023_07_SF_MIN,MIN,SF,22,17
2023,8,2023_08_TB_BUF,BUF,TB,24,18
2023,8,2023_08_HOU_CAR,CAR,HOU,15,13
2023,8,2023_08_LA_DAL,DAL,LA,43,20
2023,8,2023_08_MIN_GB,GB,MIN,10,24
2023,8,2023_08_NO_IND,IND,NO,27,38
2023,8,2023_08_NE_MIA,MIA,NE,31,17
2023,8,2023_08_NYJ_NYG,NYG,NYJ,10,13
2023,8,2023_08_JAX_PIT,PIT,JAX,10,20
2023,8,2023_08_ATL_TEN,TEN,ATL,28,23
2023,8,2023_08_PHI_WAS,WAS,PHI,31,38
2023,8,2023_08_CLE_SEA,SEA,CLE,24,20
2023,8,2023_08_BAL_ARI,ARI,BAL,24,31
2023,8,2023_08_KC_DEN,DEN,KC,24,9
2023,8,2023_08_CIN_SF,SF,CIN,17,31
2023,8,2023_08_CHI_LAC,LAC,CHI,30,13
2023,8,2023_08_LV_DET,DET,LV,26,14
2023,9,2023_09_TEN_PIT,PIT,TEN,20,16
2023,9,2023_09_MIA_KC,KC,MIA,21,14
2023,9,2023_09_MIN_ATL,ATL,MIN,28,31
2023,9,2023_09_SEA_BAL,BAL,SEA,37,3
2023,9,2023_09_ARI_CLE,CLE,ARI,27,0
2023,9,2023_09_LA_GB,GB,LA,20,3
2023,9,2023_09_TB_HOU,HOU,TB,39,37
2023,9,2023_09_WAS_NE,NE,WAS,17,20
2023,9,2023_09_CHI_NO,NO,CHI,24,17
2023,9,2023_09_IND_CAR,CAR,IND,13,27
2023,9,2023_09_NYG_LV,LV,NYG,30,6
2023,9,2023_09_DAL_PHI,PHI,DAL,28,23
2023,9,2023_09_BUF_CIN,CIN,BUF,24,18
2023,9,2023_09_LAC_NYJ,NYJ,LAC,6,27
2023,10,2023_10_CAR_CHI,CHI,CAR,16,13
2023,10,2023_10_IND_NE,NE,IND,6,10
2023,10,2023_10_CLE_BAL,BAL,CLE,31,33
2023,10,2023_10_HOU_CIN,CIN,HOU,27,30
2023,10,2023_10_SF_JAX,JAX,SF,3,34
2023,10,2023_10_NO_MIN,MIN,NO,27,19
2023,10,2023_10_GB_PIT,PIT,GB,23,19
2023,10,2023_10_TEN_TB,TB,TEN,20,6
2023,10,2023_10_ATL_ARI,ARI,ATL,25,23
2023,10,2023_10_DET_LAC,LAC,DET,38,41
2023,10,2023_10_NYG_DAL,DAL,NYG,49,17
2023,10,2023_10_WAS_SEA,SEA,WAS,29,26
2023,10,2023_10_NYJ_LV,LV,NYJ,16,12
2023,10,2023_10_DEN_BUF,BUF,DEN,22,24
2023,11,2023_11_CIN_BAL,BAL,CIN,34,20
2023,11,2023_11_DAL_CAR,CAR,DAL,10,33
2023,11,2023_11_PIT_CLE,CLE,PIT,13,10
2023,11,2023_11_CHI_DET,DET,CHI,31,26
2023,11,2023_11_LAC_GB,GB,LAC,23,20
2023,11,2023_11_ARI_HOU,HOU,ARI,21,16
2023,11,2023_11_TEN_JAX,JAX,TEN,34,14
2023,11,2023_11_LV_MIA,MIA,LV,20,13
2023,11,2023_11_NYG_WAS,WAS,NYG,19,31
2023,11,2023_11_TB_SF,SF,TB,27,14
2023,11,2023_11_NYJ_BUF,BUF,NYJ,32,6
2023,11,2023_11_SEA_LA,LA,SEA,17,16
2023,11,2023_11_MIN_DEN,DEN,MIN,21,20
2023,11,2023_11_PHI_KC,KC,PHI,17,21
2023,12,2023_12_GB_DET,DET,GB,22,29
2023,12,2023_12_WAS_DAL,DAL,WAS,45,10
2023,12,2023_12_SF_SEA,SEA,SF,13,31
2023,12,2023_12_MIA_NYJ,NYJ,MIA,13,34
2023,12,2023_12_NO_ATL,ATL,NO,24,15
2023,12,2023_12_PIT_CIN,CIN,PIT,10,16
2023,12,2023_12_JAX_HOU,HOU,JAX,21,24
2023,12,2023_12_TB_IND,IND,TB,27,20
2023,12,2023_12_NE_NYG,NYG,NE,10,7
2023,12,2023_12_CAR_TEN,TEN,CAR,17,10
2023,12,2023_12_LA_ARI,ARI,LA,14,37
2023,12,2023_12_CLE_DEN,DEN,CLE,29,12
2023,12,2023_12_KC_LV,LV,KC,17,31
2023,12,2023_12_BUF_PHI,PHI,BUF,37,34
2023,12,2023_12_BAL_LAC,LAC,BAL,10,20
2023,12,2023_12_CHI_MIN,MIN,CHI,10,12
2023,13,2023_13_SEA_DAL,DAL,SEA,41,35
2023,13,2023_13_DEN_HOU,HOU,DEN,22,17
2023,13,2023_13_LAC_NE,NE,LAC,0,6
2023,13,2023_13_DET_NO,NO,DET,28,33
2023,13,2023_13_ATL_NYJ,NYJ,ATL,8,13
2023,13,2023_13_ARI_PIT,PIT,ARI,10,24
2023,13,2023_13_IND_TEN,TEN,IND,28,31
2023,13,2023_13_MIA_WAS,WAS,MIA,15,45
2023,13,2023_13_CAR_TB,TB,CAR,21,18
2023,13,2023_13_CLE_LA,LA,CLE,36,19
2023,13,2023_13_SF_PHI,PHI,SF,19,42
2023,13,2023_13_KC_GB,GB,KC,27,19
2023,13,2023_13_CIN_JAX,JAX,CIN,31,34
2023,14,2023_14_NE_PIT,PIT,NE,18,21
2023,14,2023_14_TB_ATL,ATL,TB,25,29
2023,14,2023_14_LA_BAL,BAL,LA,37,31
2023,14,2023_14_DET_CHI,CHI,DET,28,13
2023,14,2023_14_IND_CIN,CIN,IND,34,14
2023,14,2023_14_JAX_CLE,CLE,JAX,31,27
2023,14,2023_14_CAR_NO,NO,CAR,28,6
2023,14,2023_14_HOU_NYJ,NYJ,HOU,30,6
2023,14,2023_14_MIN_LV,LV,MIN,0,3
2023,14,2023_14_SEA_SF,SF,SEA,28,16
2023,14,2023_14_BUF_KC,KC,BUF,17,20
2023,14,2023_14_DEN_LAC,LAC,DEN,7,24
2023,14,2023_14_PHI_DAL,DAL,PHI,33,13
2023,14,2023_14_TEN_MIA,MIA,TEN,27,28
2023,14,2023_14_GB_NYG,NYG,GB,24,22
2023,15,2023_15_LAC_LV,LV,LAC,63,21
2023,15,2023_15_MIN_CIN,CIN,MIN,27,24
2023,15,2023_15_PIT_IND,IND,PIT,30,13
2023,15,2023_15_DEN_DET,DET,DEN,42,17
2023,15,2023_15_ATL_CAR,CAR,ATL,9,7
2023,15,2023_15_CHI_CLE,CLE,CHI,20,17
2023,15,2023_15_TB_GB,GB,TB,20,34
2023,15,2023_15_NYJ_MIA,MIA,NYJ,30,0
2023,15,2023_15_KC_NE,NE,KC,17,27
2023,15,2023_15_NYG_NO,NO,NYG,24,6
2023,15,2023_15_HOU_TEN,TEN,HOU,16,19
2023,15,2023_15_SF_ARI,ARI,SF,29,45
2023,15,2023_15_WAS_LA,LA,WAS,28,20
2023,15,2023_15_DAL_BUF,BUF,DAL,31,10
2023,15,2023_15_BAL_JAX,JAX,BAL,7,23
2023,15,2023_15_PHI_SEA,SEA,PHI,20,17
2023,16,2023_16_NO_LA,LA,NO,30,22
2023,16,2023_16_CIN_PIT,PIT,CIN,34,11
2023,16,2023_16_BUF_LAC,LAC,BUF,22,24
2023,16,2023_16_IND_ATL,ATL,IND,29,10
2023,16,2023_16_GB_CAR,CAR,GB,30,33
2023,16,2023_16_CLE_HOU,HOU,CLE,22,36
2023,16,2023_16_DET_MIN,MIN,DET,24,30
2023,16,2023_16_WAS_NYJ,NYJ,WAS,30,28
2023,16,2023_16_SEA_TEN,TEN,SEA,17,20
2023,16,2023_16_JAX_TB,TB,JAX,30,12
2023,16,2023_16_ARI_CHI,CHI,ARI,27,16
2023,16,2023_16_DAL_MIA,MIA,DAL,22,20
2023,16,2023_16_NE_DEN,DEN,NE,23,26
2023,16,2023_16_LV_KC,KC,LV,14,20
2023,16,2023_16_NYG_PHI,PHI,NYG,33,25
2023,16,2023_16_BAL_SF,SF,BAL,19,33
2023,17,2023_17_NYJ_CLE,CLE,NYJ,37,20
2023,17,2023_17_DET_DAL,DAL,DET,20,19
2023,17,2023_17_MIA_BAL,BAL,MIA,56,19
2023,17,2023_17_NE_BUF,BUF,NE,27,21
2023,17,2023_17_ATL_CHI,CHI,ATL,37,17
2023,17,2023_17_TEN_HOU,HOU,TEN,26,3
2023,17,2023_17_LV_IND,IND,LV,23,20
2023,17,2023_17_CAR_JAX,JAX,CAR,26,0
2023,17,2023_17_LA_NYG,NYG,LA,25,26
2023,17,2023_17_ARI_PHI,PHI,ARI,31,35
2023,17,2023_17_NO_TB,TB,NO,13,23
2023,17,2023_17_SF_WAS,WAS,SF,10,27
2023,17,2023_17_PIT_SEA,SEA,PIT,23,30
2023,17,2023_17_LAC_DEN,DEN,LAC,16,9
2023,17,2023_17_CIN_KC,KC,CIN,25,17
2023,17,2023_17_GB_MIN,MIN,GB,10,33
2023,18,2023_18_PIT_BAL,BAL,PIT,10,17
2023,18,2023_18_HOU_IND,IND,HOU,19,23
2023,18,2023_18_TB_CAR,CAR,TB,0,9
2023,18,2023_18_CLE_CIN,CIN,CLE,31,14
2023,18,2023_18_MIN_DET,DET,MIN,30,20
2023,18,2023_18_NYJ_NE,NE,NYJ,3,17
2023,18,2023_18_ATL_NO,NO,ATL,48,17
2023,18,2023_18_JAX_TEN,TEN,JAX,28,20
2023,18,2023_18_SEA_ARI,ARI,SEA,20,21
2023,18,2023_18_CHI_GB,GB,CHI,17,9
2023,18,2023_18_KC_LAC,LAC,KC,12,13
2023,18,2023_18_DEN_LV,LV,DEN,27,14
2023,18,2023_18_PHI_NYG,NYG,PHI,27,10
2023,18,2023_18_LA_SF,SF,LA,20,21
2023,18,2023_18_DAL_WAS,WAS,DAL,10,38
2023,18,2023_18_BUF_MIA,MIA,BUF,14,21
2023,19,2023_19_CLE_HOU,HOU,CLE,45,14
2023,19,2023_19_MIA_KC,KC,MIA,26,7
2023,19,2023_19_GB_DAL,DAL,GB,32,48
2023,19,2023_19_LA_DET,DET,LA,24,23
2023,19,2023_19_PIT_BUF,BUF,PIT,31,17
2023,19,2023_19_PHI_TB,TB,PHI,32,9
2023,20,2023_20_HOU_BAL,BAL,HOU,34,10
2023,20,2023_20_GB_SF,SF,GB,24,21
2023,20,2023_20_TB_DET,DET,TB,31,23
2023,20,2023_20_KC_BUF,BUF,KC,24,27
2023,21,2023_21_KC_BAL,BAL,KC,10,17
2023,21,2023_21_DET_SF,SF,DET,34,31
2023,22,2023_22_SF_KC,KC,SF,25,22
2024,1,2024_01_BAL_KC,KC,BAL,27,20
2024,1,2024_01_GB_PHI,PHI,GB,34,29
2024,1,2024_01_PIT_ATL,ATL,PIT,10,18
2024,1,2024_01_ARI_BUF,BUF,ARI,34,28
2024,1,2024_01_TEN_CHI,CHI,TEN,24,17
2024,1,2024_01_NE_CIN,CIN,NE,10,16
2024,1,2024_01_HOU_IND,IND,HOU,27,29
2024,1,2024_01_JAX_MIA,MIA,JAX,20,17
2024,1,2024_01_CAR_NO,NO,CAR,47,10
2024,1,2024_01_MIN_NYG,NYG,MIN,6,28
2024,1,2024_01_LV_LAC,LAC,LV,22,10
2024,1,2024_01_DEN_SEA,SEA,DEN,26,20
2024,1,2024_01_DAL_CLE,CLE,DAL,17,33
2024,1,2024_01_WAS_TB,TB,WAS,37,20
2024,1,2024_01_LA_DET,DET,LA,26,20
2024,1,2024_01_NYJ_SF,SF,NYJ,32,19
2024,2,2024_02_BUF_MIA,MIA,BUF,10,31
2024,2,2024_02_LV_BAL,BAL,LV,23,26
2024,2,2024_02_LAC_CAR,CAR,LAC,3,26
2024,2,2024_02_NO_DAL,DAL,NO,19,44
2024,2,2024_02_TB_DET,DET,TB,16,20
2024,2,2024_02_IND_GB,GB,IND,16,10
2024,2,2024_02_CLE_JAX,JAX,CLE,13,18
2024,2,2024_02_SF_MIN,MIN,SF,23,17
2024,2,2024_02_SEA_NE,NE,SEA,20,23
2024,2,2024_02_NYJ_TEN,TEN,NYJ,17,24
2024,2,2024_02_NYG_WAS,WAS,NYG,21,18
2024,2,2024_02_LA_ARI,ARI,LA,41,10
2024,2,2024_02_PIT_DEN,DEN,PIT,6,13
2024,2,2024_02_CIN_KC,KC,CIN,26,25
2024,2,2024_02_CHI_HOU,HOU,CHI,19,13
2024,2,2024_02_ATL_PHI,PHI,ATL,21,22
2024,3,2024_03_NE_NYJ,NYJ,NE,24,3
2024,3,2024_03_NYG_CLE,CLE,NYG,15,21
2024,3,2024_03_CHI_IND,IND,CHI,21,16
2024,3,2024_03_HOU_MIN,MIN,HOU,34,7
2024,3,2024_03_PHI_NO,NO,PHI,12,15
2024,3,2024_03_LAC_PIT,PIT,LAC,20,10
2024,3,2024_03_DEN_TB,TB,DEN,7,26
2024,3,2024_03_GB_TEN,TEN,GB,14,30
2024,3,2024_03_CAR_LV,LV,CAR,22,36
2024,3,2024_03_MIA_SEA,SEA,MIA,24,3
2024,3,2024_03_DET_ARI,ARI,DET,13,20
2024,3,2024_03_BAL_DAL,DAL,BAL,25,28
2024,3,2024_03_SF_LA,LA,SF,27,24
2024,3,2024_03_KC_ATL,ATL,KC,17,22
2024,3,2024_03_JAX_BUF,BUF,JAX,47,10
2024,3,2024_03_WAS_CIN,CIN,WAS,33,38
2024,4,2024_04_DAL_NYG,NYG,DAL,15,20
2024,4,2024_04_NO_ATL,ATL,NO,26,24
2024,4,2024_04_CIN_CAR,CAR,CIN,24,34
2024,4,2024_04_LA_CHI,CHI,LA,24,18
2024,4,2024_04_MIN_GB,GB,MIN,29,31
2024,4,2024_04_JAX_HOU,HOU,JAX,24,20
2024,4,2024_04_PIT_IND,IND,PIT,27,24
2024,4,2024_04_DEN_NYJ,NYJ,DEN,9,10
2024,4,2024_04_PHI_TB,TB,PHI,33,16
2024,4,2024_04_WAS_ARI,ARI,WAS,14,42
2024,4,2024_04_NE_SF,SF,NE,30,13
2024,4,2024_04_KC_LAC,LAC,KC,10,17
2024,4,2024_04_CLE_LV,LV,CLE,20,16
2024,4,2024_04_BUF_BAL,BAL,BUF,35,10
2024,4,2024_04_TEN_MIA,MIA,TEN,12,31
2024,4,2024_04_SEA_DET,DET,SEA,42,29
2024,5,2024_05_TB_ATL,ATL,TB,36,30
2024,5,2024_05_NYJ_MIN,MIN,NYJ,23,17
2024,5,2024_05_CAR_CHI,CHI,CAR,36,10
2024,5,2024_05_BAL_CIN,CIN,BAL,38,41
2024,5,2024_05_BUF_HOU,HOU,BUF,23,20
2024,5,2024_05_IND_JAX,JAX,IND,37,34
2024,5,2024_05_MIA_NE,NE,MIA,10,15
2024,5,2024_05_CLE_WAS,WAS,CLE,34,13
2024,5,2024_05_LV_DEN,DEN,LV,34,18
2024,5,2024_05_ARI_SF,SF,ARI,23,24
2024,5,2024_05_GB_LA,LA,GB,19,24
2024,5,2024_05_NYG_SEA,SEA,NYG,20,29
2024,5,2024_05_DAL_PIT,PIT,DAL,17,20
2024,5,2024_05_NO_KC,KC,NO,26,13
2024,6,2024_06_SF_SEA,SEA,SF,24,36
2024,6,2024_06_JAX_CHI,CHI,JAX,35,16
2024,6,2024_06_WAS_BAL,BAL,WAS,30,23
2024,6,2024_06_ARI_GB,GB,ARI,34,13
2024,6,2024_06_HOU_NE,NE,HOU,21,41
2024,6,2024_06_TB_NO,NO,TB,27,51
2024,6,2024_06_CLE_PHI,PHI,CLE,20,16
2024,6,2024_06_IND_TEN,TEN,IND,17,20
2024,6,2024_06_LAC_DEN,DEN,LAC,16,23
2024,6,2024_06_PIT_LV,LV,PIT,13,32
2024,6,2024_06_ATL_CAR,CAR,ATL,20,38
2024,6,2024_06_DET_DAL,DAL,DET,9,47
2024,6,2024_06_CIN_NYG,NYG,CIN,7,17
2024,6,2024_06_BUF_NYJ,NYJ,BUF,20,23
2024,7,2024_07_DEN_NO,NO,DEN,10,33
2024,7,2024_07_NE_JAX,JAX,NE,32,16
2024,7,2024_07_SEA_ATL,ATL,SEA,14,34
2024,7,2024_07_TEN_BUF,BUF,TEN,34,10
2024,7,2024_07_CIN_CLE,CLE,CIN,14,21
2024,7,2024_07_HOU_GB,GB,HOU,24,22
2024,7,2024_07_MIA_IND,IND,MIA,16,10
2024,7,2024_07_DET_MIN,MIN,DET,29,31
2024,7,2024_07_PHI_NYG,NYG,PHI,3,28
2024,7,2024_07_LV_LA,LA,LV,20,15
2024,7,2024_07_CAR_WAS,WAS,CAR,40,7
2024,7,2024_07_KC_SF,SF,KC,18,28
2024,7,2024_07_NYJ_PIT,PIT,NYJ,37,15
2024,7,2024_07_BAL_TB,TB,BAL,31,41
2024,7,2024_07_LAC_ARI,ARI,LAC,17,15
2024,8,2024_08_MIN_LA,LA,MIN,30,20
2024,8,2024_08_PHI_CIN,CIN,PHI,17,37
2024,8,2024_08_BAL_CLE,CLE,BAL,29,24
2024,8,2024_08_TEN_DET,DET,TEN,52,14
2024,8,2024_08_IND_HOU,HOU,IND,23,20
2024,8,2024_08_GB_JAX,JAX,GB,27,30
2024,8,2024_08_ARI_MIA,MIA,ARI,27,28
2024,8,2024_08_NYJ_NE,NE,NYJ,25,22
2024,8,2024_08_ATL_TB,TB,ATL,26,31
2024,8,2024_08_NO_LAC,LAC,NO,26,8
2024,8,2024_08_BUF_SEA,SEA,BUF,10,31
2024,8,2024_08_CAR_DEN,DEN,CAR,28,14
2024,8,2024_08_KC_LV,LV,KC,20,27
2024,8,2024_08_CHI_WAS,WAS,CHI,18,15
2024,8,2024_08_DAL_SF,SF,DAL,30,24
2024,8,2024_08_NYG_PIT,PIT,NYG,26,18
2024,9,2024_09_HOU_NYJ,NYJ,HOU,21,13
2024,9,2024_09_DAL_ATL,ATL,DAL,27,21
2024,9,2024_09_DEN_BAL,BAL,DEN,41,10
2024,9,2024_09_MIA_BUF,BUF,MIA,30,27
2024,9,2024_09_NO_CAR,CAR,NO,23,22
2024,9,2024_09_LV_CIN,CIN,LV,41,24
2024,9,2024_09_LAC_CLE,CLE,LAC,10,27
2024,9,2024_09_WAS_NYG,NYG,WAS,22,27
2024,9,2024_09_NE_TEN,TEN,NE,20,17
2024,9,2024_09_CHI_ARI,ARI,CHI,29,9
2024,9,2024_09_JAX_PHI,PHI,JAX,28,23
2024,9,2024_09_DET_GB,GB,DET,14,24
2024,9,2024_09_LA_SEA,SEA,LA,20,26
2024,9,2024_09_IND_MIN,MIN,IND,21,13
2024,9,2024_09_TB_KC,KC,TB,30,24
2024,10,2024_10_CIN_BAL,BAL,CIN,35,34
2024,10,2024_10_NYG_CAR,CAR,NYG,20,17
2024,10,2024_10_NE_CHI,CHI,NE,3,19
2024,10,2024_10_BUF_IND,IND,BUF,20,30
2024,10,2024_10_MIN_JAX,JAX,MIN,7,12
2024,10,2024_10_DEN_KC,KC,DEN,16,14
2024,10,2024_10_ATL_NO,NO,ATL,20,17
2024,10,2024_10_SF_TB,TB,SF,20,23
2024,10,2024_10_PIT_WAS,WAS,PIT,27,28
2024,10,2024_10_TEN_LAC,LAC,TEN,27,17
2024,10,2024_10_NYJ_ARI,ARI,NYJ,31,6
2024,10,2024_10_PHI_DAL,DAL,PHI,6,34
2024,10,2024_10_DET_HOU,HOU,DET,23,26
2024,10,2024_10_MIA_LA,LA,MIA,15,23
2024,11,2024_11_WAS_PHI,PHI,WAS,26,18
2024,11,2024_11_GB_CHI,CHI,GB,19,20
2024,11,2024_11_JAX_DET,DET,JAX,52,6
2024,11,2024_11_LV_MIA,MIA,LV,34,19
2024,11,2024_11_LA_NE,NE,LA,22,28
2024,11,2024_11_CLE_NO,NO,CLE,35,14
2024,11,2024_11_IND_NYJ,NYJ,IND,27,28
2024,11,2024_11_BAL_PIT,PIT,BAL,18,16
2024,11,2024_11_MIN_TEN,TEN,MIN,13,23
2024,11,2024_11_ATL_DEN,DEN,ATL,38,6
2024,11,2024_11_SEA_SF,SF,SEA,17,20
2024,11,2024_11_KC_BUF,BUF,KC,30,21
2024,11,2024_11_CIN_LAC,LAC,CIN,34,27
2024,11,2024_11_HOU_DAL,DAL,HOU,10,34
2024,12,2024_12_PIT_CLE,CLE,PIT,24,19
2024,12,2024_12_KC_CAR,CAR,KC,27,30
2024,12,2024_12_MIN_CHI,CHI,MIN,27,30
2024,12,2024_12_TEN_HOU,HOU,TEN,27,32
2024,12,2024_12_DET_IND,IND,DET,6,24
2024,12,2024_12_NE_MIA,MIA,NE,34,15
2024,12,2024_12_TB_NYG,NYG,TB,7,30
2024,12,2024_12_DAL_WAS,WAS,DAL,26,34
2024,12,2024_12_DEN_LV,LV,DEN,19,29
2024,12,2024_12_SF_GB,GB,SF,38,10
2024,12,2024_12_ARI_SEA,SEA,ARI,16,6
2024,12,2024_12_PHI_LA,LA,PHI,20,37
2024,12,2024_12_BAL_LAC,LAC,BAL,23,30
2024,13,2024_13_CHI_DET,DET,CHI,23,20
2024,13,2024_13_NYG_DAL,DAL,NYG,27,20
2024,13,2024_13_MIA_GB,GB,MIA,30,17
2024,13,2024_13_LV_KC,KC,LV,19,17
2024,13,2024_13_LAC_ATL,ATL,LAC,13,17
2024,13,2024_13_PIT_CIN,CIN,PIT,38,44
2024,13,2024_13_HOU_JAX,JAX,HOU,20,23
2024,13,2024_13_ARI_MIN,MIN,ARI,23,22
2024,13,2024_13_IND_NE,NE,IND,24,25
2024,13,2024_13_SEA_NYJ,NYJ,SEA,21,26
2024,13,2024_13_TEN_WAS,WAS,TEN,42,19
2024,13,2024_13_TB_CAR,CAR,TB,23,26
2024,13,2024_13_LA_NO,NO,LA,14,21
2024,13,2024_13_PHI_BAL,BAL,PHI,19,24
2024,13,2024_13_SF_BUF,BUF,SF,35,10
2024,13,2024_13_CLE_DEN,DEN,CLE,41,32
2024,14,2024_14_GB_DET,DET,GB,34,31
2024,14,2024_14_NYJ_MIA,MIA,NYJ,32,26
2024,14,2024_14_ATL_MIN,MIN,ATL,42,21
2024,14,2024_14_NO_NYG,NYG,NO,11,14
2024,14,2024_14_CAR_PHI,PHI,CAR,22,16
2024,14,2024_14_CLE_PIT,PIT,CLE,27,14
2024,14,2024_14_LV_TB,TB,LV,28,13
2024,14,2024_14_JAX_TEN,TEN,JAX,6,10
2024,14,2024_14_SEA_ARI,ARI,SEA,18,30
2024,14,2024_14_BUF_LA,LA,BUF,44,42
2024,14,2024_14_CHI_SF,SF,CHI,38,13
2024,14,2024_14_LAC_KC,KC,LAC,19,17
2024,14,2024_14_CIN_DAL,DAL,CIN,20,27
2024,15,2024_15_LA_SF,SF,LA,6,12
2024,15,2024_15_DAL_CAR,CAR,DAL,14,30
2024,15,2024_15_KC_CLE,CLE,KC,7,21
2024,15,2024_15_MIA_HOU,HOU,MIA,20,12
2024,15,2024_15_NYJ_JAX,JAX,NYJ,25,32
2024,15,2024_15_WAS_NO,NO,WAS,19,20
2024,15,2024_15_BAL_NYG,NYG,BAL,14,35
2024,15,2024_15_CIN_TEN,TEN,CIN,27,37
2024,15,2024_15_NE_ARI,ARI,NE,30,17
2024,15,2024_15_IND_DEN,DEN,IND,31,13
2024,15,2024_15_BUF_DET,DET,BUF,42,48
2024,15,2024_15_TB_LAC,LAC,TB,17,40
2024,15,2024_15_PIT_PHI,PHI,PIT,27,13
2024,15,2024_15_GB_SEA,SEA,GB,13,30
2024,15,2024_15_CHI_MIN,MIN,CHI,30,12
2024,15,2024_15_ATL_LV,LV,ATL,9,15
2024,16,2024_16_DEN_LAC,LAC,DEN,34,27
2024,16,2024_16_HOU_KC,KC,HOU,27,19
2024,16,2024_16_PIT_BAL,BAL,PIT,34,17
2024,16,2024_16_NYG_ATL,ATL,NYG,34,7
2024,16,2024_16_ARI_CAR,CAR,ARI,36,30
2024,16,2024_16_DET_CHI,CHI,DET,17,34
2024,16,2024_16_CLE_CIN,CIN,CLE,24,6
2024,16,2024_16_TEN_IND,IND,TEN,38,30
2024,16,2024_16_LA_NYJ,NYJ,LA,9,19
2024,16,2024_16_PHI_WAS,WAS,PHI,36,33
2024,16,2024_16_MIN_SEA,SEA,MIN,24,27
2024,16,2024_16_NE_BUF,BUF,NE,24,21
2024,16,2024_16_JAX_LV,LV,JAX,19,14
2024,16,2024_16_SF_MIA,MIA,SF,29,17
2024,16,2024_16_TB_DAL,DAL,TB,26,24
2024,16,2024_16_NO_GB,GB,NO,34,0
2024,17,2024_17_KC_PIT,PIT,KC,10,29
2024,17,2024_17_BAL_HOU,HOU,BAL,2,31
2024,17,2024_17_SEA_CHI,CHI,SEA,3,6
2024,17,2024_17_LAC_NE,NE,LAC,7,40
2024,17,2024_17_DEN_CIN,CIN,DEN,30,24
2024,17,2024_17_ARI_LA,LA,ARI,13,9
2024,17,2024_17_NYJ_BUF,BUF,NYJ,40,14
2024,17,2024_17_TEN_JAX,JAX,TEN,20,13
2024,17,2024_17_LV_NO,NO,LV,10,25
2024,17,2024_17_IND_NYG,NYG,IND,45,33
2024,17,2024_17_DAL_PHI,PHI,DAL,41,7
2024,17,2024_17_CAR_TB,TB,CAR,48,14
2024,17,2024_17_MIA_CLE,CLE,MIA,3,20
2024,17,2024_17_GB_MIN,MIN,GB,27,25
2024,17,2024_17_ATL_WAS,WAS,ATL,30,24
2024,17,2024_17_DET_SF,SF,DET,34,40
2024,18,2024_18_CLE_BAL,BAL,CLE,35,10
2024,18,2024_18_CIN_PIT,PIT,CIN,17,19
2024,18,2024_18_CAR_ATL,ATL,CAR,38,44
2024,18,2024_18_WAS_DAL,DAL,WAS,19,23
2024,18,2024_18_CHI_GB,GB,CHI,22,24
2024,18,2024_18_JAX_IND,IND,JAX,26,23
2024,18,2024_18_BUF_NE,NE,BUF,23,16
2024,18,2024_18_NYG_PHI,PHI,NYG,20,13
2024,18,2024_18_NO_TB,TB,NO,27,19
2024,18,2024_18_HOU_TEN,TEN,HOU,14,23
2024,18,2024_18_SF_ARI,ARI,SF,47,24
2024,18,2024_18_KC_DEN,DEN,KC,38,0
2024,18,2024_18_SEA_LA,LA,SEA,25,30
2024,18,2024_18_LAC_LV,LV,LAC,20,34
2024,18,2024_18_MIA_NYJ,NYJ,MIA,32,20
2024,18,2024_18_MIN_DET,DET,MIN,31,9
2024,19,2024_19_LAC_HOU,HOU,LAC,32,12
2024,19,2024_19_PIT_BAL,BAL,PIT,28,14
2024,19,2024_19_DEN_BUF,BUF,DEN,31,7
2024,19,2024_19_GB_PHI,PHI,GB,22,10
2024,19,2024_19_WAS_TB,TB,WAS,20,23
2024,19,2024_19_MIN_LA,LA,MIN,27,9
2024,20,2024_20_HOU_KC,KC,HOU,23,14
2024,20,2024_20_WAS_DET,DET,WAS,31,45
2024,20,2024_20_LA_PHI,PHI,LA,28,22
2024,20,2024_20_BAL_BUF,BUF,BAL,27,25
2024,21,2024_21_WAS_PHI,PHI,WAS,55,23
2024,21,2024_21_BUF_KC,KC,BUF,32,29
2024,22,2024_22_KC_PHI,PHI,KC,40,22
2025,1,2025_01_DAL_PHI,PHI,DAL,24,20
2025,1,2025_01_KC_LAC,LAC,KC,27,21
2025,1,2025_01_TB_ATL,ATL,TB,20,23
2025,1,2025_01_CIN_CLE,CLE,CIN,16,17
2025,1,2025_01_MIA_IND,IND,MIA,33,8
2025,1,2025_01_CAR_JAX,JAX,CAR,26,10
2025,1,2025_01_LV_NE,NE,LV,13,20
2025,1,2025_01_ARI_NO,NO,ARI,13,20
2025,1,2025_01_PIT_NYJ,NYJ,PIT,32,34
2025,1,2025_01_NYG_WAS,WAS,NYG,21,6
2025,1,2025_01_TEN_DEN,DEN,TEN,20,12
2025,1,2025_01_SF_SEA,SEA,SF,13,17
2025,1,2025_01_DET_GB,GB,DET,27,13
2025,1,2025_01_HOU_LA,LA,HOU,14,9
2025,1,2025_01_BAL_BUF,BUF,BAL,41,40
2025,1,2025_01_MIN_CHI,CHI,MIN,24,27
2025,2,2025_02_WAS_GB,GB,WAS,27,18
2025,2,2025_02_CLE_BAL,BAL,CLE,41,17
2025,2,2025_02_JAX_CIN,CIN,JAX,31,27
2025,2,2025_02_NYG_DAL,DAL,NYG,40,37
2025,2,2025_02_CHI_DET,DET,CHI,52,21
2025,2,2025_02_NE_MIA,MIA,NE,27,33
2025,2,2025_02_SF_NO,NO,SF,21,26
2025,2,2025_02_BUF_NYJ,NYJ,BUF,10,30
2025,2,2025_02_SEA_PIT,PIT,SEA,17,31
2025,2,2025_02_LA_TEN,TEN,LA,19,33
2025,2,2025_02_CAR_ARI,ARI,CAR,27,22
2025,2,2025_02_DEN_IND,IND,DEN,29,28
2025,2,2025_02_PHI_KC,KC,PHI,17,20
2025,2,2025_02_ATL_MIN,MIN,ATL,6,22
2025,2,2025_02_TB_HOU,HOU,TB,19,20
2025,2,2025_02_LAC_LV,LV,LAC,9,20
2025,3,2025_03_MIA_BUF,BUF,MIA,31,21
2025,3,2025_03_ATL_CAR,CAR,ATL,30,0
2025,3,2025_03_GB_CLE,CLE,GB,13,10
2025,3,2025_03_HOU_JAX,JAX,HOU,17,10
2025,3,2025_03_CIN_MIN,MIN,CIN,48,10
2025,3,2025_03_PIT_NE,NE,PIT,14,21
2025,3,2025_03_LA_PHI,PHI,LA,33,26
2025,3,2025_03_NYJ_TB,TB,NYJ,29,27
2025,3,2025_03_IND_TEN,TEN,IND,20,41
2025,3,2025_03_LV_WAS,WAS,LV,41,24
2025,3,2025_03_DEN_LAC,LAC,DEN,23,20
2025,3,2025_03_NO_SEA,SEA,NO,44,13
2025,3,2025_03_DAL_CHI,CHI,DAL,31,14
2025,3,2025_03_ARI_SF,SF,ARI,16,15
2025,3,2025_03_KC_NYG,NYG,KC,9,22
2025,3,2025_03_DET_BAL,BAL,DET,30,38
2025,4,2025_04_SEA_ARI,ARI,SEA,20,23
2025,4,2025_04_MIN_PIT,PIT,MIN,24,21
2025,4,2025_04_WAS_ATL,ATL,WAS,34,27
2025,4,2025_04_NO_BUF,BUF,NO,31,19
2025,4,2025_04_CLE_DET,DET,CLE,34,10
2025,4,2025_04_TEN_HOU,HOU,TEN,26,0
2025,4,2025_04_CAR_NE,NE,CAR,42,13
2025,4,2025_04_LAC_NYG,NYG,LAC,21,18
2025,4,2025_04_PHI_TB,TB,PHI,25,31
2025,4,2025_04_IND_LA,LA,IND,27,20
2025,4,2025_04_JAX_SF,SF,JAX,21,26
2025,4,2025_04_BAL_KC,KC,BAL,37,20
2025,4,2025_04_CHI_LV,LV,CHI,24,25
2025,4,2025_04_GB_DAL,DAL,GB,40,40
2025,4,2025_04_NYJ_MIA,MIA,NYJ,27,21
2025,4,2025_04_CIN_DEN,DEN,CIN,28,3
2025,5,2025_05_SF_LA,LA,SF,23,26
2025,5,2025_05_MIN_CLE,CLE,MIN,17,21
2025,5,2025_05_HOU_BAL,BAL,HOU,10,44
2025,5,2025_05_MIA_CAR,CAR,MIA,27,24
2025,5,2025_05_LV_IND,IND,LV,40,6
2025,5,2025_05_NYG_NO,NO,NYG,26,14
2025,5,2025_05_DAL_NYJ,NYJ,DAL,22,37
2025,5,2025_05_DEN_PHI,PHI,DEN,17,21
2025,5,2025_05_TEN_ARI,ARI,TEN,21,22
2025,5,2025_05_TB_SEA,SEA,TB,35,38
2025,5,2025_05_DET_CIN,CIN,DET,24,37
2025,5,2025_05_WAS_LAC,LAC,WAS,10,27
2025,5,2025_05_NE_BUF,BUF,NE,20,23
2025,5,2025_05_KC_JAX,JAX,KC,31,28
2025,6,2025_06_PHI_NYG,NYG,PHI,34,17
2025,6,2025_06_DEN_NYJ,NYJ,DEN,11,13
2025,6,2025_06_LA_BAL,BAL,LA,3,17
2025,6,2025_06_DAL_CAR,CAR,DAL,30,27
2025,6,2025_06_ARI_IND,IND,ARI,31,27
2025,6,2025_06_SEA_JAX,JAX,SEA,12,20
2025,6,2025_06_LAC_MIA,MIA,LAC,27,29
2025,6,2025_06_NE_NO,NO,NE,19,25
2025,6,2025_06_CLE_PIT,PIT,CLE,23,9
2025,6,2025_06_TEN_LV,LV,TEN,20,10
2025,6,2025_06_CIN_GB,GB,CIN,27,18
2025,6,2025_06_SF_TB,TB,SF,30,19
2025,6,2025_06_DET_KC,KC,DET,30,17
2025,6,2025_06_BUF_ATL,ATL,BUF,24,14
2025,6,2025_06_CHI_WAS,WAS,CHI,24,25
2025,7,2025_07_PIT_CIN,CIN,PIT,33,31
2025,7,2025_07_LA_JAX,JAX,LA,7,35
2025,7,2025_07_NO_CHI,CHI,NO,26,14
2025,7,2025_07_MIA_CLE,CLE,MIA,31,6
2025,7,2025_07_LV_KC,KC,LV,31,0
2025,7,2025_07_PHI_MIN,MIN,PHI,22,28
2025,7,2025_07_CAR_NYJ,NYJ,CAR,6,13
2025,7,2025_07_NE_TEN,TEN,NE,13,31
2025,7,2025_07_NYG_DEN,DEN,NYG,33,32
2025,7,2025_07_IND_LAC,LAC,IND,24,38
2025,7,2025_07_GB_ARI,ARI,GB,23,27
2025,7,2025_07_WAS_DAL,DAL,WAS,44,22
2025,7,2025_07_ATL_SF,SF,ATL,20,10
2025,7,2025_07_TB_DET,DET,TB,24,9
2025,7,2025_07_HOU_SEA,SEA,HOU,27,19
2025,8,2025_08_MIN_LAC,LAC,MIN,37,10
2025,8,2025_08_MIA_ATL,ATL,MIA,10,34
2025,8,2025_08_CHI_BAL,BAL,CHI,30,16
2025,8,2025_08_BUF_CAR,CAR,BUF,9,40
2025,8,2025_08_NYJ_CIN,CIN,NYJ,38,39
2025,8,2025_08_SF_HOU,HOU,SF,26,15
2025,8,2025_08_CLE_NE,NE,CLE,32,13
2025,8,2025_08_NYG_PHI,PHI,NYG,38,20
2025,8,2025_08_TB_NO,NO,TB,3,23
2025,8,2025_08_DAL_DEN,DEN,DAL,44,24
2025,8,2025_08_TEN_IND,IND,TEN,38,14
2025,8,2025_08_GB_PIT,PIT,GB,25,35
2025,8,2025_08_WAS_KC,KC,WAS,28,7
2025,9,2025_09_BAL_MIA,MIA,BAL,6,28
2025,9,2025_09_CHI_CIN,CIN,CHI,42,47
2025,9,2025_09_MIN_DET,DET,MIN,24,27
2025,9,2025_09_CAR_GB,GB,CAR,13,16
2025,9,2025_09_DEN_HOU,HOU,DEN,15,18
2025,9,2025_09_ATL_NE,NE,ATL,24,23
2025,9,2025_09_SF_NYG,NYG,SF,24,34
2025,9,2025_09_IND_PIT,PIT,IND,27,20
2025,9,2025_09_LAC_TEN,TEN,LAC,20,27
2025,9,2025_09_NO_LA,LA,NO,34,10
2025,9,2025_09_JAX_LV,LV,JAX,29,30
2025,9,2025_09_KC_BUF,BUF,KC,28,21
2025,9,2025_09_SEA_WAS,WAS,SEA,14,38
2025,9,2025_09_ARI_DAL,DAL,ARI,17,27
2025,10,2025_10_LV_DEN,DEN,LV,10,7
2025,10,2025_10_ATL_IND,IND,ATL,31,25
2025,10,2025_10_NO_CAR,CAR,NO,7,17
2025,10,2025_10_NYG_CHI,CHI,NYG,24,20
2025,10,2025_10_JAX_HOU,HOU,JAX,36,29
2025,10,2025_10_BUF_MIA,MIA,BUF,30,13
2025,10,2025_10_BAL_MIN,MIN,BAL,19,27
2025,10,2025_10_CLE_NYJ,NYJ,CLE,27,20
2025,10,2025_10_NE_TB,TB,NE,23,28
2025,10,2025_10_ARI_SEA,SEA,ARI,44,22
2025,10,2025_10_LA_SF,SF,LA,26,42
2025,10,2025_10_DET_WAS,WAS,DET,22,44
2025,10,2025_10_PIT_LAC,LAC,PIT,25,10
2025,10,2025_10_PHI_GB,GB,PHI,NA,NA
2025,11,2025_11_NYJ_NE,NE,NYJ,NA,NA
2025,11,2025_11_WAS_MIA,MIA,WAS,NA,NA
2025,11,2025_11_CAR_ATL,ATL,CAR,NA,NA
2025,11,2025_11_TB_BUF,BUF,TB,NA,NA
2025,11,2025_11_LAC_JAX,JAX,LAC,NA,NA
2025,11,2025_11_CHI_MIN,MIN,CHI,NA,NA
2025,11,2025_11_GB_NYG,NYG,GB,NA,NA
2025,11,2025_11_CIN_PIT,PIT,CIN,NA,NA
2025,11,2025_11_HOU_TEN,TEN,HOU,NA,NA
2025,11,2025_11_SF_ARI,ARI,SF,NA,NA
2025,11,2025_11_SEA_LA,LA,SEA,NA,NA
2025,11,2025_11_BAL_CLE,CLE,BAL,NA,NA
2025,11,2025_11_KC_DEN,DEN,KC,NA,NA
2025,11,2025_11_DET_PHI,PHI,DET,NA,NA
2025,11,2025_11_DAL_LV,LV,DAL,NA,NA
2025,12,2025_12_BUF_HOU,HOU,BUF,NA,NA
2025,12,2025_12_NYJ_BAL,BAL,NYJ,NA,NA
2025,12,2025_12_PIT_CHI,CHI,PIT,NA,NA
2025,12,2025_12_NE_CIN,CIN,NE,NA,NA
2025,12,2025_12_NYG_DET,DET,NYG,NA,NA
2025,12,2025_12_MIN_GB,GB,MIN,NA,NA
2025,12,2025_12_IND_KC,KC,IND,NA,NA
2025,12,2025_12_SEA_TEN,TEN,SEA,NA,NA
2025,12,2025_12_JAX_ARI,ARI,JAX,NA,NA
2025,12,2025_12_CLE_LV,LV,CLE,NA,NA
2025,12,2025_12_PHI_DAL,DAL,PHI,NA,NA
2025,12,2025_12_ATL_NO,NO,ATL,NA,NA
2025,12,2025_12_TB_LA,LA,TB,NA,NA
2025,12,2025_12_CAR_SF,SF,CAR,NA,NA
2025,13,2025_13_GB_DET,DET,GB,NA,NA
2025,13,2025_13_KC_DAL,DAL,KC,NA,NA
2025,13,2025_13_CIN_BAL,BAL,CIN,NA,NA
2025,13,2025_13_CHI_PHI,PHI,CHI,NA,NA
2025,13,2025_13_LA_CAR,CAR,LA,NA,NA
2025,13,2025_13_SF_CLE,CLE,SF,NA,NA
2025,13,2025_13_HOU_IND,IND,HOU,NA,NA
2025,13,2025_13_NO_MIA,MIA,NO,NA,NA
2025,13,2025_13_ATL_NYJ,NYJ,ATL,NA,NA
2025,13,2025_13_ARI_TB,TB,ARI,NA,NA
2025,13,2025_13_JAX_TEN,TEN,JAX,NA,NA
2025,13,2025_13_MIN_SEA,SEA,MIN,NA,NA
2025,13,2025_13_LV_LAC,LAC,LV,NA,NA
2025,13,2025_13_BUF_PIT,PIT,BUF,NA,NA
2025,13,2025_13_DEN_WAS,WAS,DEN,NA,NA
2025,13,2025_13_NYG_NE,NE,NYG,NA,NA
2025,14,2025_14_DAL_DET,DET,DAL,NA,NA
2025,14,2025_14_SEA_ATL,ATL,SEA,NA,NA
2025,14,2025_14_PIT_BAL,BAL,PIT,NA,NA
2025,14,2025_14_TEN_CLE,CLE,TEN,NA,NA
2025,14,2025_14_CHI_GB,GB,CHI,NA,NA
2025,14,2025_14_IND_JAX,JAX,IND,NA,NA
2025,14,2025_14_WAS_MIN,MIN,WAS,NA,NA
2025,14,2025_14_MIA_NYJ,NYJ,MIA,NA,NA
2025,14,2025_14_NO_TB,TB,NO,NA,NA
2025,14,2025_14_DEN_LV,LV,DEN,NA,NA
2025,14,2025_14_LA_ARI,ARI,LA,NA,NA
2025,14,2025_14_CIN_BUF,BUF,CIN,NA,NA
2025,14,2025_14_HOU_KC,KC,HOU,NA,NA
2025,14,2025_14_PHI_LAC,LAC,PHI,NA,NA
2025,15,2025_15_ATL_TB,TB,ATL,NA,NA
2025,15,2025_15_CLE_CHI,CHI,CLE,NA,NA
2025,15,2025_15_BAL_CIN,CIN,BAL,NA,NA
2025,15,2025_15_ARI_HOU,HOU,ARI,NA,NA
2025,15,2025_15_NYJ_JAX,JAX,NYJ,NA,NA
2025,15,2025_15_LAC_KC,KC,LAC,NA,NA
2025,15,2025_15_BUF_NE,NE,BUF,NA,NA
2025,15,2025_15_WAS_NYG,NYG,WAS,NA,NA
2025,15,2025_15_LV_PHI,PHI,LV,NA,NA
2025,15,2025_15_GB_DEN,DEN,GB,NA,NA
2025,15,2025_15_DET_LA,LA,DET,NA,NA
2025,15,2025_15_CAR_NO,NO,CAR,NA,NA
2025,15,2025_15_IND_SEA,SEA,IND,NA,NA
2025,15,2025_15_TEN_SF,SF,TEN,NA,NA
2025,15,2025_15_MIN_DAL,DAL,MIN,NA,NA
2025,15,2025_15_MIA_PIT,PIT,MIA,NA,NA
2025,16,2025_16_LA_SEA,SEA,LA,NA,NA
2025,16,2025_16_GB_CHI,CHI,GB,NA,NA
2025,16,2025_16_PHI_WAS,WAS,PHI,NA,NA
2025,16,2025_16_NE_BAL,BAL,NE,NA,NA
2025,16,2025_16_TB_CAR,CAR,TB,NA,NA
2025,16,2025_16_BUF_CLE,CLE,BUF,NA,NA
2025,16,2025_16_LAC_DAL,DAL,LAC,NA,NA
2025,16,2025_16_NYJ_NO,NO,NYJ,NA,NA
2025,16,2025_16_MIN_NYG,NYG,MIN,NA,NA
2025,16,2025_16_KC_TEN,TEN,KC,NA,NA
2025,16,2025_16_ATL_ARI,ARI,ATL,NA,NA
2025,16,2025_16_JAX_DEN,DEN,JAX,NA,NA
2025,16,2025_16_PIT_DET,DET,PIT,NA,NA
2025,16,2025_16_LV_HOU,HOU,LV,NA,NA
2025,16,2025_16_CIN_MIA,MIA,CIN,NA,NA
2025,16,2025_16_SF_IND,IND,SF,NA,NA
2025,17,2025_17_DAL_WAS,WAS,DAL,NA,NA
2025,17,2025_17_DET_MIN,MIN,DET,NA,NA
2025,17,2025_17_DEN_KC,KC,DEN,NA,NA
2025,17,2025_17_SEA_CAR,CAR,SEA,NA,NA
2025,17,2025_17_ARI_CIN,CIN,ARI,NA,NA
2025,17,2025_17_PIT_CLE,CLE,PIT,NA,NA
2025,17,2025_17_BAL_GB,GB,BAL,NA,NA
2025,17,2025_17_JAX_IND,IND,JAX,NA,NA
2025,17,2025_17_HOU_LAC,LAC,HOU,NA,NA
2025,17,2025_17_NYG_LV,LV,NYG,NA,NA
2025,17,2025_17_TB_MIA,MIA,TB,NA,NA
2025,17,2025_17_NE_NYJ,NYJ,NE,NA,NA
2025,17,2025_17_NO_TEN,TEN,NO,NA,NA
2025,17,2025_17_PHI_BUF,BUF,PHI,NA,NA
2025,17,2025_17_CHI_SF,SF,CHI,NA,NA
2025,17,2025_17_LA_ATL,ATL,LA,NA,NA
2025,18,2025_18_NO_ATL,ATL,NO,NA,NA
2025,18,2025_18_NYJ_BUF,BUF,NYJ,NA,NA
2025,18,2025_18_DET_CHI,CHI,DET,NA,NA
2025,18,2025_18_CLE_CIN,CIN,CLE,NA,NA
2025,18,2025_18_LAC_DEN,DEN,LAC,NA,NA
2025,18,2025_18_IND_HOU,HOU,IND,NA,NA
2025,18,2025_18_TEN_JAX,JAX,TEN,NA,NA
2025,18,2025_18_ARI_LA,LA,ARI,NA,NA
2025,18,2025_18_KC_LV,LV,KC,NA,NA
2025,18,2025_18_GB_MIN,MIN,GB,NA,NA
2025,18,2025_18_MIA_NE,NE,MIA,NA,NA
2025,18,2025_18_DAL_NYG,NYG,DAL,NA,NA
2025,18,2025_18_WAS_PHI,PHI,WAS,NA,NA
2025,18,2025_18_BAL_PIT,PIT,BAL,NA,NA
2025,18,2025_18_SEA_SF,SF,SEA,NA,NA
2025,18,2025_18_CAR_TB,TB,CAR,NA,NA
